{
  "num_agents": 1000,
  "duration_s": 10.0,
  "scenario": "collision_3d_full",
  "num_reps": 3,
  "gui": false,
  "spawn_time_s": {
    "median": 0.3687056750059128,
    "mean": 0.32574601001882303,
    "stdev": 0.07715621650258032,
    "min": 0.23667230107821524,
    "max": 0.3718600539723411
  },
  "spawn_cpu_s": {
    "median": 0.3600000000000001,
    "mean": 0.3166666666666667,
    "stdev": 0.07505553499465142,
    "min": 0.22999999999999998,
    "max": 0.3600000000000001
  },
  "spawn_cpu_percent": {
    "median": 97.18078497237825,
    "mean": 97.210084580192,
    "stdev": 0.4148974216640694,
    "min": 96.81061360432568,
    "max": 97.63885516387208
  },
  "simulation_wall_s": {
    "median": 1.130710017052479,
    "mean": 1.0764200217090547,
    "stdev": 0.1875393703859861,
    "min": 0.8677248581079766,
    "max": 1.2308251899667084
  },
  "simulation_cpu_s": {
    "median": 1.13,
    "mean": 1.0766666666666667,
    "stdev": 0.18583146486355143,
    "min": 0.8699999999999999,
    "max": 1.23
  },
  "simulation_cpu_percent": {
    "median": 99.93720608805341,
    "mean": 100.04411956155545,
    "stdev": 0.18887189059915532,
    "min": 99.93295636346777,
    "max": 100.26219623314516
  },
  "real_time_factor": {
    "median": 8.844000538765789,
    "mean": 9.497673836349195,
    "stdev": 1.7916635324346963,
    "min": 8.124630598655916,
    "max": 11.524390371625882
  },
  "avg_step_time_ms": {
    "median": 11.30710017052479,
    "mean": 10.764200217090547,
    "stdev": 1.8753937038598607,
    "min": 8.677248581079766,
    "max": 12.308251899667084
  },
  "expected_steps": 100,
  "system_info": {
    "platform": "Linux",
    "platform_release": "5.15.0-139-generic",
    "platform_version": "#149~20.04.1-Ubuntu SMP Wed Apr 16 08:29:56 UTC 2025",
    "architecture": "x86_64",
    "processor": "x86_64",
    "python_version": "3.8.10",
    "total_memory_gb": 31.06,
    "cpu_count": 4,
    "cpu_count_logical": 8,
    "cpu_model": "11th Gen Intel(R) Core(TM) i7-1185G7 @ 3.00GHz",
    "cpu_max_mhz": 4800.0
  },
  "mem_spawn_rss_mb": {
    "median": 20.625,
    "mean": 20.686197916666668,
    "stdev": 0.10599790098403285,
    "min": 20.625,
    "max": 20.80859375
  },
  "mem_total_rss_mb": {
    "median": -4.609375,
    "mean": -4.649739583333333,
    "stdev": 0.08737551598858134,
    "min": -4.75,
    "max": -4.58984375
  }
}