{
  "num_agents": 1000,
  "duration_s": 10.0,
  "scenario": "collision_3d_full",
  "num_reps": 3,
  "gui": false,
  "spawn_time_s": {
    "median": 0.5234101400710642,
    "mean": 0.497914309380576,
    "stdev": 0.11752714448138395,
    "min": 0.36973198992200196,
    "max": 0.6006007981486619
  },
  "spawn_cpu_s": {
    "median": 0.52,
    "mean": 0.49666666666666676,
    "stdev": 0.12662279942148386,
    "min": 0.3600000000000001,
    "max": 0.6100000000000001
  },
  "spawn_cpu_percent": {
    "median": 99.34847649864001,
    "mean": 99.42708964206231,
    "stdev": 2.099674417241106,
    "min": 97.36782583404403,
    "max": 101.56496659350289
  },
  "simulation_wall_s": {
    "median": 2.1960503819864243,
    "mean": 1.9565404083114117,
    "stdev": 0.7056630344904117,
    "min": 1.1622955789789557,
    "max": 2.511275263968855
  },
  "simulation_cpu_s": {
    "median": 2.1400000000000006,
    "mean": 1.8733333333333335,
    "stdev": 0.6150067750304329,
    "min": 1.1700000000000002,
    "max": 2.31
  },
  "simulation_cpu_percent": {
    "median": 97.44767322069707,
    "mean": 96.69855766497616,
    "stdev": 4.387095733935557,
    "min": 91.98513731821032,
    "max": 100.6628624560211
  },
  "real_time_factor": {
    "median": 4.553629589752198,
    "mean": 5.713111208025893,
    "stdev": 2.5195530816836564,
    "min": 3.9820405765459013,
    "max": 8.603663457779579
  },
  "avg_step_time_ms": {
    "median": 21.960503819864243,
    "mean": 19.565404083114117,
    "stdev": 7.056630344904117,
    "min": 11.622955789789557,
    "max": 25.11275263968855
  },
  "expected_steps": 100,
  "system_info": {
    "platform": "Linux",
    "platform_release": "5.15.0-139-generic",
    "platform_version": "#149~20.04.1-Ubuntu SMP Wed Apr 16 08:29:56 UTC 2025",
    "architecture": "x86_64",
    "processor": "x86_64",
    "python_version": "3.8.10",
    "total_memory_gb": 31.06,
    "cpu_count": 4,
    "cpu_count_logical": 8,
    "cpu_model": "11th Gen Intel(R) Core(TM) i7-1185G7 @ 3.00GHz",
    "cpu_max_mhz": 4800.0
  },
  "mem_spawn_rss_mb": {
    "median": 21.41796875,
    "mean": 21.454427083333332,
    "stdev": 0.0878978584986337,
    "min": 21.390625,
    "max": 21.5546875
  },
  "mem_total_rss_mb": {
    "median": -4.29296875,
    "mean": -4.291666666666667,
    "stdev": 0.12695813291404703,
    "min": -4.41796875,
    "max": -4.1640625
  }
}
