{
  "num_agents": 100,
  "duration_s": 5.0,
  "scenario": "no_collision",
  "num_reps": 1,
  "gui": false,
  "spawn_time_s": {
    "median": 0.022360239061526954,
    "mean": 0.022360239061526954,
    "stdev": 0.0,
    "min": 0.022360239061526954,
    "max": 0.022360239061526954
  },
  "spawn_cpu_s": {
    "median": 0.020000000000000018,
    "mean": 0.020000000000000018,
    "stdev": 0.0,
    "min": 0.020000000000000018,
    "max": 0.020000000000000018
  },
  "spawn_cpu_percent": {
    "median": 89.44448198862075,
    "mean": 89.44448198862075,
    "stdev": 0.0,
    "min": 89.44448198862075,
    "max": 89.44448198862075
  },
  "simulation_wall_s": {
    "median": 0.02397080499213189,
    "mean": 0.02397080499213189,
    "stdev": 0.0,
    "min": 0.02397080499213189,
    "max": 0.02397080499213189
  },
  "simulation_cpu_s": {
    "median": 0.010000000000000009,
    "mean": 0.010000000000000009,
    "stdev": 0.0,
    "min": 0.010000000000000009,
    "max": 0.010000000000000009
  },
  "simulation_cpu_percent": {
    "median": 41.717414176463336,
    "mean": 41.717414176463336,
    "stdev": 0.0,
    "min": 41.717414176463336,
    "max": 41.717414176463336
  },
  "real_time_factor": {
    "median": 208.58707088231648,
    "mean": 208.58707088231648,
    "stdev": 0.0,
    "min": 208.58707088231648,
    "max": 208.58707088231648
  },
  "avg_step_time_ms": {
    "median": 0.4794160998426378,
    "mean": 0.4794160998426378,
    "stdev": 0.0,
    "min": 0.4794160998426378,
    "max": 0.4794160998426378
  },
  "expected_steps": 50,
  "mem_spawn_rss_mb": {
    "median": 1.60546875,
    "mean": 1.60546875,
    "stdev": 0.0,
    "min": 1.60546875,
    "max": 1.60546875
  },
  "mem_total_rss_mb": {
    "median": -25.24609375,
    "mean": -25.24609375,
    "stdev": 0.0,
    "min": -25.24609375,
    "max": -25.24609375
  }
}