{
  "num_agents": 100,
  "duration_s": 5.0,
  "scenario": null,
  "num_reps": 1,
  "gui": false,
  "spawn_time_s": {
    "median": 0.020983635913580656,
    "mean": 0.020983635913580656,
    "stdev": 0.0,
    "min": 0.020983635913580656,
    "max": 0.020983635913580656
  },
  "spawn_cpu_s": {
    "median": 0.020000000000000018,
    "mean": 0.020000000000000018,
    "stdev": 0.0,
    "min": 0.020000000000000018,
    "max": 0.020000000000000018
  },
  "spawn_cpu_percent": {
    "median": 95.31236665737215,
    "mean": 95.31236665737215,
    "stdev": 0.0,
    "min": 95.31236665737215,
    "max": 95.31236665737215
  },
  "simulation_wall_s": {
    "median": 0.08662683190777898,
    "mean": 0.08662683190777898,
    "stdev": 0.0,
    "min": 0.08662683190777898,
    "max": 0.08662683190777898
  },
  "simulation_cpu_s": {
    "median": 0.07999999999999985,
    "mean": 0.07999999999999985,
    "stdev": 0.0,
    "min": 0.07999999999999985,
    "max": 0.07999999999999985
  },
  "simulation_cpu_percent": {
    "median": 92.3501393715588,
    "mean": 92.3501393715588,
    "stdev": 0.0,
    "min": 92.3501393715588,
    "max": 92.3501393715588
  },
  "real_time_factor": {
    "median": 57.71883710722435,
    "mean": 57.71883710722435,
    "stdev": 0.0,
    "min": 57.71883710722435,
    "max": 57.71883710722435
  },
  "avg_step_time_ms": {
    "median": 1.7325366381555796,
    "mean": 1.7325366381555796,
    "stdev": 0.0,
    "min": 1.7325366381555796,
    "max": 1.7325366381555796
  },
  "expected_steps": 50,
  "mem_spawn_rss_mb": {
    "median": 1.60546875,
    "mean": 1.60546875,
    "stdev": 0.0,
    "min": 1.60546875,
    "max": 1.60546875
  },
  "mem_total_rss_mb": {
    "median": -24.80078125,
    "mean": -24.80078125,
    "stdev": 0.0,
    "min": -24.80078125,
    "max": -24.80078125
  }
}