{
  "num_agents": 1000,
  "duration_s": 10.0,
  "scenario": null,
  "num_reps": 3,
  "gui": false,
  "spawn_time_s": {
    "median": 0.23317344501265325,
    "mean": 0.23355324432486668,
    "stdev": 0.0020760294951985537,
    "min": 0.23169333598343655,
    "max": 0.23579295197851025
  },
  "spawn_cpu_s": {
    "median": 0.24,
    "mean": 0.23666666666666672,
    "stdev": 0.005773502691896327,
    "min": 0.22999999999999998,
    "max": 0.2400000000000002
  },
  "spawn_cpu_percent": {
    "median": 102.92767256879381,
    "mean": 101.35202471320456,
    "stdev": 3.314878825309805,
    "min": 97.54320392959063,
    "max": 103.58519764122921
  },
  "simulation_wall_s": {
    "median": 2.8232519029988907,
    "mean": 2.7954480110007958,
    "stdev": 0.0543288301684848,
    "min": 2.7328446329920553,
    "max": 2.8302474970114417
  },
  "simulation_cpu_s": {
    "median": 2.82,
    "mean": 2.7933333333333334,
    "stdev": 0.05507570547286102,
    "min": 2.73,
    "max": 2.83
  },
  "simulation_cpu_percent": {
    "median": 99.89590945062469,
    "mean": 99.92399395091196,
    "stdev": 0.05851346435867718,
    "min": 99.88481711478042,
    "max": 99.99125528733077
  },
  "real_time_factor": {
    "median": 3.5420147913042705,
    "mean": 3.578155172605813,
    "stdev": 0.0703153213138992,
    "min": 3.5332599041459636,
    "max": 3.6591908223672047
  },
  "avg_step_time_ms": {
    "median": 28.232519029988907,
    "mean": 27.95448011000796,
    "stdev": 0.543288301684848,
    "min": 27.328446329920553,
    "max": 28.302474970114417
  },
  "expected_steps": 100,
  "system_info": {
    "platform": "Linux",
    "platform_release": "5.15.0-139-generic",
    "platform_version": "#149~20.04.1-Ubuntu SMP Wed Apr 16 08:29:56 UTC 2025",
    "architecture": "x86_64",
    "processor": "x86_64",
    "python_version": "3.8.10",
    "total_memory_gb": 31.06,
    "cpu_count": 4,
    "cpu_count_logical": 8,
    "cpu_model": "11th Gen Intel(R) Core(TM) i7-1185G7 @ 3.00GHz",
    "cpu_max_mhz": 4800.0
  },
  "mem_spawn_rss_mb": {
    "median": 21.59375,
    "mean": 21.609375,
    "stdev": 0.04133986423538423,
    "min": 21.578125,
    "max": 21.65625
  },
  "mem_total_rss_mb": {
    "median": 2.94140625,
    "mean": 2.9283854166666665,
    "stdev": 0.05201818842562026,
    "min": 2.87109375,
    "max": 2.97265625
  }
}
