{
  "num_agents": 1000,
  "duration_s": 5.0,
  "scenario": "collision_3d_full",
  "num_reps": 3,
  "gui": false,
  "spawn_time_s": {
    "median": 0.24224721710197628,
    "mean": 0.24216905531163016,
    "stdev": 0.00098361748176657,
    "min": 0.24114868883043528,
    "max": 0.24311126000247896
  },
  "spawn_cpu_s": {
    "median": 0.22999999999999998,
    "mean": 0.2333333333333333,
    "stdev": 0.005773502691896263,
    "min": 0.22999999999999998,
    "max": 0.24
  },
  "spawn_cpu_percent": {
    "median": 95.37684036993684,
    "mean": 96.34713452041777,
    "stdev": 2.0665091216717166,
    "min": 94.94433114712699,
    "max": 98.72023204418946
  },
  "simulation_wall_s": {
    "median": 0.546031431062147,
    "mean": 0.5434691447298974,
    "stdev": 0.018619836347342347,
    "min": 0.5237008621916175,
    "max": 0.5606751409359276
  },
  "simulation_cpu_s": {
    "median": 0.55,
    "mean": 0.5433333333333336,
    "stdev": 0.011547005383792462,
    "min": 0.5300000000000002,
    "max": 0.5500000000000003
  },
  "simulation_cpu_percent": {
    "median": 100.72680228867658,
    "mean": 100.00854492201402,
    "stdev": 1.673307866005182,
    "min": 98.09602028759332,
    "max": 101.20281218977219
  },
  "real_time_factor": {
    "median": 9.156982026243321,
    "mean": 9.207412388210274,
    "stdev": 0.317822600229398,
    "min": 8.917820026144847,
    "max": 9.547435112242654
  },
  "avg_step_time_ms": {
    "median": 10.92062862124294,
    "mean": 10.869382894597948,
    "stdev": 0.37239672694684695,
    "min": 10.47401724383235,
    "max": 11.213502818718553
  },
  "expected_steps": 50,
  "system_info": {
    "platform": "Linux",
    "platform_release": "5.15.0-139-generic",
    "platform_version": "#149~20.04.1-Ubuntu SMP Wed Apr 16 08:29:56 UTC 2025",
    "architecture": "x86_64",
    "processor": "x86_64",
    "python_version": "3.8.10",
    "total_memory_gb": 31.06,
    "cpu_count": 4,
    "cpu_count_logical": 8,
    "cpu_model": "11th Gen Intel(R) Core(TM) i7-1185G7 @ 3.00GHz",
    "cpu_max_mhz": 4800.0
  },
  "mem_spawn_rss_mb": {
    "median": 21.4453125,
    "mean": 21.3828125,
    "stdev": 0.12554811468740779,
    "min": 21.23828125,
    "max": 21.46484375
  },
  "mem_total_rss_mb": {
    "median": -4.5234375,
    "mean": -4.518229166666667,
    "stdev": 0.012556836928376244,
    "min": -4.52734375,
    "max": -4.50390625
  }
}
