{
  "num_agents": 100,
  "duration_s": 2.0,
  "scenario": null,
  "num_reps": 1,
  "gui": false,
  "spawn_time_s": {
    "median": 0.02103234699461609,
    "mean": 0.02103234699461609,
    "stdev": 0.0,
    "min": 0.02103234699461609,
    "max": 0.02103234699461609
  },
  "spawn_cpu_s": {
    "median": 0.020000000000000018,
    "mean": 0.020000000000000018,
    "stdev": 0.0,
    "min": 0.020000000000000018,
    "max": 0.020000000000000018
  },
  "spawn_cpu_percent": {
    "median": 95.09162246666844,
    "mean": 95.09162246666844,
    "stdev": 0.0,
    "min": 95.09162246666844,
    "max": 95.09162246666844
  },
  "simulation_wall_s": {
    "median": 0.03533836896531284,
    "mean": 0.03533836896531284,
    "stdev": 0.0,
    "min": 0.03533836896531284,
    "max": 0.03533836896531284
  },
  "simulation_cpu_s": {
    "median": 0.030000000000000027,
    "mean": 0.030000000000000027,
    "stdev": 0.0,
    "min": 0.030000000000000027,
    "max": 0.030000000000000027
  },
  "simulation_cpu_percent": {
    "median": 84.89356152641679,
    "mean": 84.89356152641679,
    "stdev": 0.0,
    "min": 84.89356152641679,
    "max": 84.89356152641679
  },
  "real_time_factor": {
    "median": 56.595707684277805,
    "mean": 56.595707684277805,
    "stdev": 0.0,
    "min": 56.595707684277805,
    "max": 56.595707684277805
  },
  "avg_step_time_ms": {
    "median": 1.766918448265642,
    "mean": 1.766918448265642,
    "stdev": 0.0,
    "min": 1.766918448265642,
    "max": 1.766918448265642
  },
  "expected_steps": 20,
  "system_info": {
    "platform": "Linux",
    "platform_release": "5.15.0-139-generic",
    "platform_version": "#149~20.04.1-Ubuntu SMP Wed Apr 16 08:29:56 UTC 2025",
    "architecture": "x86_64",
    "processor": "x86_64",
    "python_version": "3.8.10",
    "total_memory_gb": 31.06,
    "cpu_count": 4,
    "cpu_count_logical": 8,
    "cpu_model": "11th Gen Intel(R) Core(TM) i7-1185G7 @ 3.00GHz",
    "cpu_max_mhz": 4800.0
  },
  "mem_spawn_rss_mb": {
    "median": 1.546875,
    "mean": 1.546875,
    "stdev": 0.0,
    "min": 1.546875,
    "max": 1.546875
  },
  "mem_total_rss_mb": {
    "median": -24.99609375,
    "mean": -24.99609375,
    "stdev": 0.0,
    "min": -24.99609375,
    "max": -24.99609375
  }
}