{
  "num_agents": 100,
  "duration_s": 10.0,
  "scenario": null,
  "num_reps": 3,
  "gui": false,
  "spawn_time_s": {
    "median": 0.024163074005628005,
    "mean": 0.02430534166827177,
    "stdev": 0.000975998423721142,
    "min": 0.02340828499291092,
    "max": 0.025344666006276384
  },
  "spawn_cpu_s": {
    "median": 0.030000000000000027,
    "mean": 0.02666666666666669,
    "stdev": 0.005773502691896262,
    "min": 0.020000000000000018,
    "max": 0.030000000000000027
  },
  "spawn_cpu_percent": {
    "median": 124.15638835113654,
    "mean": 110.40940269539956,
    "stdev": 27.35083752856498,
    "min": 78.91206771100157,
    "max": 128.1597520240606
  },
  "simulation_wall_s": {
    "median": 0.19173390802461654,
    "mean": 0.19143675400603874,
    "stdev": 0.006091423386208132,
    "min": 0.18520219199126586,
    "max": 0.1973741620022338
  },
  "simulation_cpu_s": {
    "median": 0.18999999999999995,
    "mean": 0.19333333333333327,
    "stdev": 0.005773502691896263,
    "min": 0.18999999999999995,
    "max": 0.19999999999999996
  },
  "simulation_cpu_percent": {
    "median": 102.59057841440686,
    "mean": 101.05522538729737,
    "stdev": 4.237688140979107,
    "min": 96.26386659356639,
    "max": 104.31123115391887
  },
  "real_time_factor": {
    "median": 52.15561557695945,
    "mean": 52.271949930560744,
    "stdev": 1.667969643361164,
    "min": 50.665192943982326,
    "max": 53.995041270740465
  },
  "avg_step_time_ms": {
    "median": 1.9173390802461654,
    "mean": 1.9143675400603872,
    "stdev": 0.060914233862081314,
    "min": 1.8520219199126586,
    "max": 1.9737416200223379
  },
  "expected_steps": 100,
  "system_info": {
    "platform": "Linux",
    "platform_release": "5.15.0-139-generic",
    "platform_version": "#149~20.04.1-Ubuntu SMP Wed Apr 16 08:29:56 UTC 2025",
    "architecture": "x86_64",
    "processor": "x86_64",
    "python_version": "3.8.10",
    "total_memory_gb": 31.06,
    "cpu_count": 4,
    "cpu_count_logical": 8,
    "cpu_model": "11th Gen Intel(R) Core(TM) i7-1185G7 @ 3.00GHz",
    "cpu_max_mhz": 4800.0
  },
  "mem_spawn_rss_mb": {
    "median": 2.0625,
    "mean": 2.0625,
    "stdev": 0.0,
    "min": 2.0625,
    "max": 2.0625
  },
  "mem_total_rss_mb": {
    "median": -23.7734375,
    "mean": -23.75,
    "stdev": 0.15368996541332813,
    "min": -23.890625,
    "max": -23.5859375
  }
}
