{
  "num_agents": 500,
  "duration_s": 10.0,
  "scenario": null,
  "num_reps": 3,
  "gui": false,
  "spawn_time_s": {
    "median": 0.11607424801331945,
    "mean": 0.11614634800935164,
    "stdev": 0.0008669086139169831,
    "min": 0.1153177410014905,
    "max": 0.11704705501324497
  },
  "spawn_cpu_s": {
    "median": 0.1100000000000001,
    "mean": 0.11000000000000003,
    "stdev": 1.2819751242557092e-16,
    "min": 0.10999999999999988,
    "max": 0.1100000000000001
  },
  "spawn_cpu_percent": {
    "median": 94.76692882591638,
    "mean": 94.71161492117795,
    "stdev": 0.706286876980278,
    "min": 93.97929746079691,
    "max": 95.38861847682058
  },
  "simulation_wall_s": {
    "median": 1.251558492978802,
    "mean": 1.2549189893179573,
    "stdev": 0.008552712684300915,
    "min": 1.2485568999836687,
    "max": 1.2646415749914013
  },
  "simulation_cpu_s": {
    "median": 1.2599999999999998,
    "mean": 1.2566666666666666,
    "stdev": 0.005773502691896263,
    "min": 1.25,
    "max": 1.2600000000000002
  },
  "simulation_cpu_percent": {
    "median": 100.11558143776628,
    "mean": 100.14101138148445,
    "stdev": 0.5212187455650072,
    "min": 99.63297308239822,
    "max": 100.67447962428882
  },
  "real_time_factor": {
    "median": 7.990038065419746,
    "mean": 7.968887798834801,
    "stdev": 0.05412723302744758,
    "min": 7.9073788160633525,
    "max": 8.009246515021303
  },
  "avg_step_time_ms": {
    "median": 12.51558492978802,
    "mean": 12.549189893179573,
    "stdev": 0.08552712684300914,
    "min": 12.485568999836687,
    "max": 12.646415749914013
  },
  "expected_steps": 100,
  "system_info": {
    "platform": "Linux",
    "platform_release": "5.15.0-139-generic",
    "platform_version": "#149~20.04.1-Ubuntu SMP Wed Apr 16 08:29:56 UTC 2025",
    "architecture": "x86_64",
    "processor": "x86_64",
    "python_version": "3.8.10",
    "total_memory_gb": 31.06,
    "cpu_count": 4,
    "cpu_count_logical": 8,
    "cpu_model": "11th Gen Intel(R) Core(TM) i7-1185G7 @ 3.00GHz",
    "cpu_max_mhz": 4800.0
  },
  "mem_spawn_rss_mb": {
    "median": 10.93359375,
    "mean": 10.947916666666666,
    "stdev": 0.04660294314628458,
    "min": 10.91015625,
    "max": 11.0
  },
  "mem_total_rss_mb": {
    "median": -12.203125,
    "mean": -12.1796875,
    "stdev": 0.044021201834315016,
    "min": -12.20703125,
    "max": -12.12890625
  }
}
