{
  "test": "simulation_benchmark",
  "num_agents": 250,
  "duration_s": 10.0,
  "num_reps": 3,
  "gui": false,
  "spawn_time_s": {
    "median": 0.06172217091079801,
    "mean": 0.06051236728671938,
    "stdev": 0.006133852191536139,
    "min": 0.05386375600937754,
    "max": 0.06595117493998259
  },
  "spawn_cpu_s": {
    "median": 0.06000000000000005,
    "mean": 0.0633333333333334,
    "stdev": 0.005773502691896262,
    "min": 0.06000000000000005,
    "max": 0.07000000000000006
  },
  "spawn_cpu_percent": {
    "median": 111.39215763110579,
    "mean": 105.2599952978061,
    "stdev": 12.41109765261432,
    "min": 90.97639284607398,
    "max": 113.41143541623855
  },
  "simulation_wall_s": {
    "median": 4.2671095040859655,
    "mean": 4.385282106697559,
    "stdev": 0.4461520853749774,
    "min": 4.010112595977262,
    "max": 4.878624220029451
  },
  "simulation_cpu_s": {
    "median": 4.26,
    "mean": 4.366666666666666,
    "stdev": 0.4300387579432036,
    "min": 4.0,
    "max": 4.84
  },
  "simulation_cpu_percent": {
    "median": 99.7478226425012,
    "mean": 99.59650260528583,
    "stdev": 0.33890726209143485,
    "min": 99.20829688273844,
    "max": 99.83338829061785
  },
  "real_time_factor": {
    "median": 2.3435067673853958,
    "mean": 2.2956535111681684,
    "stdev": 0.22580422235206146,
    "min": 2.049758200056579,
    "max": 2.4936955660625304
  },
  "avg_step_time_ms": {
    "median": 4.2671095040859655,
    "mean": 4.385282106697559,
    "stdev": 0.4461520853749774,
    "min": 4.010112595977262,
    "max": 4.878624220029451
  },
  "expected_steps": 1000,
  "mem_spawn_rss_mb": {
    "median": 4.296875,
    "mean": 4.259114583333333,
    "stdev": 0.06540296018163728,
    "min": 4.18359375,
    "max": 4.296875
  },
  "mem_total_rss_mb": {
    "median": -20.8046875,
    "mean": -20.916666666666668,
    "stdev": 0.23216185998516387,
    "min": -21.18359375,
    "max": -20.76171875
  }
}
