{
  "num_agents": 1000,
  "benchmark_type": "mobile",
  "duration_s": 10.0,
  "scenario": null,
  "num_reps": 3,
  "gui": false,
  "spawn_time_s": {
    "median": 0.2841332690004492,
    "mean": 0.29332998199909827,
    "stdev": 0.020972107125461315,
    "min": 0.2785274459984066,
    "max": 0.317329230998439
  },
  "spawn_cpu_s": {
    "median": 0.28000000000000025,
    "mean": 0.28666666666666707,
    "stdev": 0.020816659994661382,
    "min": 0.27000000000000046,
    "max": 0.3100000000000005
  },
  "spawn_cpu_percent": {
    "median": 97.6903385246364,
    "mean": 97.72467563109389,
    "stdev": 0.8040121361801069,
    "min": 96.9383821519496,
    "max": 98.54530621669565
  },
  "simulation_wall_s": {
    "median": 2.2164832389989897,
    "mean": 2.2212093626664378,
    "stdev": 0.014084429712780998,
    "min": 2.2100958160008304,
    "max": 2.2370490329994936
  },
  "simulation_cpu_s": {
    "median": 2.1500000000000004,
    "mean": 2.1566666666666667,
    "stdev": 0.011547005383792526,
    "min": 2.1499999999999995,
    "max": 2.17
  },
  "simulation_cpu_percent": {
    "median": 97.00279108725692,
    "mean": 97.09471640495995,
    "stdev": 0.16120063565665763,
    "min": 97.00050792944347,
    "max": 97.28085019817945
  },
  "real_time_factor": {
    "median": 4.511651531602021,
    "mean": 4.502172314325325,
    "stdev": 0.028467354984803954,
    "min": 4.470174704481886,
    "max": 4.524690706892068
  },
  "avg_step_time_ms": {
    "median": 22.164832389989897,
    "mean": 22.21209362666438,
    "stdev": 0.14084429712781,
    "min": 22.100958160008304,
    "max": 22.370490329994936
  },
  "system_info": {
    "platform": "Linux",
    "platform_release": "6.6.114.1-microsoft-standard-WSL2",
    "platform_version": "#1 SMP PREEMPT_DYNAMIC Mon Dec  1 20:46:23 UTC 2025",
    "architecture": "x86_64",
    "processor": "x86_64",
    "python_version": "3.10.12",
    "cpu_count": 8,
    "cpu_count_logical": 16,
    "total_memory_gb": 29.2,
    "cpu_model": "AMD Ryzen AI 7 PRO 350 w/ Radeon 860M"
  },
  "mem_spawn_rss_mb": {
    "median": 22.578125,
    "mean": 22.58203125,
    "stdev": 0.0067658234670659265,
    "min": 22.578125,
    "max": 22.58984375
  },
  "mem_total_rss_mb": {
    "median": -0.609375,
    "mean": -0.609375,
    "stdev": 0.01171875,
    "min": -0.62109375,
    "max": -0.59765625
  },
  "expected_steps": 100
}
