{
  "test": "simulation_benchmark",
  "num_agents": 500,
  "duration_s": 10.0,
  "num_reps": 3,
  "gui": false,
  "spawn_time_s": {
    "median": 0.14316968200728297,
    "mean": 0.13577749502534667,
    "stdev": 0.013215318091265596,
    "min": 0.12052020302508026,
    "max": 0.1436426000436768
  },
  "spawn_cpu_s": {
    "median": 0.1399999999999999,
    "mean": 0.1333333333333333,
    "stdev": 0.011547005383792589,
    "min": 0.11999999999999988,
    "max": 0.14000000000000012
  },
  "spawn_cpu_percent": {
    "median": 97.78606618185977,
    "mean": 98.27285250817049,
    "stdev": 1.1334387402965318,
    "min": 97.46412273060425,
    "max": 99.56836861204745
  },
  "simulation_wall_s": {
    "median": 10.79992072400637,
    "mean": 10.78344090868874,
    "stdev": 0.05446419490944096,
    "min": 10.722639986081049,
    "max": 10.827762015978806
  },
  "simulation_cpu_s": {
    "median": 10.8,
    "mean": 10.783333333333333,
    "stdev": 0.04725815626252608,
    "min": 10.73,
    "max": 10.82
  },
  "simulation_cpu_percent": {
    "median": 100.0007340423662,
    "mean": 99.99922924670209,
    "stdev": 0.07017519513785406,
    "min": 99.92831375525847,
    "max": 100.06863994248157
  },
  "real_time_factor": {
    "median": 0.9259327226145019,
    "mean": 0.9273635853974966,
    "stdev": 0.004693662252936145,
    "min": 0.9235518831354756,
    "max": 0.9326061504425123
  },
  "avg_step_time_ms": {
    "median": 10.79992072400637,
    "mean": 10.78344090868874,
    "stdev": 0.05446419490944096,
    "min": 10.722639986081049,
    "max": 10.827762015978806
  },
  "expected_steps": 1000,
  "mem_spawn_rss_mb": {
    "median": 8.5078125,
    "mean": 8.584635416666666,
    "stdev": 0.13306119485229656,
    "min": 8.5078125,
    "max": 8.73828125
  },
  "mem_total_rss_mb": {
    "median": -16.00390625,
    "mean": -15.985677083333334,
    "stdev": 0.17259850090027096,
    "min": -16.1484375,
    "max": -15.8046875
  }
}
