{
  "test": "simulation_benchmark",
  "num_agents": 100,
  "duration_s": 5.0,
  "num_reps": 1,
  "gui": false,
  "spawn_time_s": {
    "median": 0.0233357900287956,
    "mean": 0.0233357900287956,
    "stdev": 0.0,
    "min": 0.0233357900287956,
    "max": 0.0233357900287956
  },
  "spawn_cpu_s": {
    "median": 0.020000000000000018,
    "mean": 0.020000000000000018,
    "stdev": 0.0,
    "min": 0.020000000000000018,
    "max": 0.020000000000000018
  },
  "spawn_cpu_percent": {
    "median": 85.70526206878222,
    "mean": 85.70526206878222,
    "stdev": 0.0,
    "min": 85.70526206878222,
    "max": 85.70526206878222
  },
  "simulation_wall_s": {
    "median": 1.1011245369445533,
    "mean": 1.1011245369445533,
    "stdev": 0.0,
    "min": 1.1011245369445533,
    "max": 1.1011245369445533
  },
  "simulation_cpu_s": {
    "median": 1.1,
    "mean": 1.1,
    "stdev": 0.0,
    "min": 1.1,
    "max": 1.1
  },
  "simulation_cpu_percent": {
    "median": 99.89787377296364,
    "mean": 99.89787377296364,
    "stdev": 0.0,
    "min": 99.89787377296364,
    "max": 99.89787377296364
  },
  "real_time_factor": {
    "median": 4.540812444225619,
    "mean": 4.540812444225619,
    "stdev": 0.0,
    "min": 4.540812444225619,
    "max": 4.540812444225619
  },
  "avg_step_time_ms": {
    "median": 2.2022490738891065,
    "mean": 2.2022490738891065,
    "stdev": 0.0,
    "min": 2.2022490738891065,
    "max": 2.2022490738891065
  },
  "expected_steps": 500,
  "mem_spawn_rss_mb": {
    "median": 1.546875,
    "mean": 1.546875,
    "stdev": 0.0,
    "min": 1.546875,
    "max": 1.546875
  },
  "mem_total_rss_mb": {
    "median": -24.77734375,
    "mean": -24.77734375,
    "stdev": 0.0,
    "min": -24.77734375,
    "max": -24.77734375
  }
}
