{
  "test": "simulation_benchmark",
  "num_agents": 1000,
  "duration_s": 10.0,
  "num_reps": 3,
  "gui": false,
  "spawn_time_s": {
    "median": 0.270853188005276,
    "mean": 0.2769474593612055,
    "stdev": 0.012788609383993739,
    "min": 0.26834584306925535,
    "max": 0.2916433470090851
  },
  "spawn_cpu_s": {
    "median": 0.28,
    "mean": 0.28,
    "stdev": 0.010000000000000009,
    "min": 0.27,
    "max": 0.29000000000000004
  },
  "spawn_cpu_percent": {
    "median": 99.68499982903676,
    "mean": 101.15482770701755,
    "stdev": 2.7637987727106674,
    "min": 99.43652168789782,
    "max": 104.34296160411807
  },
  "simulation_wall_s": {
    "median": 22.266768718021922,
    "mean": 22.739006578340195,
    "stdev": 1.117295565657282,
    "min": 21.93536931904964,
    "max": 24.014881697949022
  },
  "simulation_cpu_s": {
    "median": 22.27,
    "mean": 22.729999999999997,
    "stdev": 1.1043550153822825,
    "min": 21.929999999999996,
    "max": 23.99
  },
  "simulation_cpu_percent": {
    "median": 99.97552209415055,
    "mean": 99.96214142560517,
    "stdev": 0.06018666564969403,
    "min": 99.89639050376356,
    "max": 100.01451167890141
  },
  "real_time_factor": {
    "median": 0.4490997381181024,
    "mean": 0.4404643119161858,
    "stdev": 0.021107389863961688,
    "min": 0.4164084639589977,
    "max": 0.4558847336714572
  },
  "avg_step_time_ms": {
    "median": 22.266768718021922,
    "mean": 22.739006578340195,
    "stdev": 1.117295565657282,
    "min": 21.93536931904964,
    "max": 24.014881697949022
  },
  "expected_steps": 1000,
  "mem_spawn_rss_mb": {
    "median": 17.30859375,
    "mean": 17.334635416666668,
    "stdev": 0.14628023970668708,
    "min": 17.203125,
    "max": 17.4921875
  },
  "mem_total_rss_mb": {
    "median": -5.55859375,
    "mean": -5.651041666666667,
    "stdev": 0.17730818292388772,
    "min": -5.85546875,
    "max": -5.5390625
  }
}
