{
  "test": "simulation_benchmark",
  "num_agents": 100,
  "duration_s": 10.0,
  "num_reps": 3,
  "gui": false,
  "spawn_time_s": {
    "median": 0.025783246965147555,
    "mean": 0.02743097231723368,
    "stdev": 0.0033419003141326397,
    "min": 0.025232907035388052,
    "max": 0.03127676295116544
  },
  "spawn_cpu_s": {
    "median": 0.030000000000000027,
    "mean": 0.030000000000000027,
    "stdev": 0.010000000000000009,
    "min": 0.020000000000000018,
    "max": 0.040000000000000036
  },
  "spawn_cpu_percent": {
    "median": 118.89236526701555,
    "mean": 108.11752906487308,
    "stdev": 26.83498885294393,
    "min": 77.56974917486139,
    "max": 127.8904727527423
  },
  "simulation_wall_s": {
    "median": 1.511882696999237,
    "mean": 1.503523139981553,
    "stdev": 0.029139609293956516,
    "min": 1.4711173949763179,
    "max": 1.527569327969104
  },
  "simulation_cpu_s": {
    "median": 1.5099999999999998,
    "mean": 1.5,
    "stdev": 0.026457513110645887,
    "min": 1.47,
    "max": 1.52
  },
  "simulation_cpu_percent": {
    "median": 99.87547334174974,
    "mean": 99.76800109492518,
    "stdev": 0.2294997863750707,
    "min": 99.50448547044556,
    "max": 99.92404447258025
  },
  "real_time_factor": {
    "median": 6.614269757731772,
    "mean": 6.652723843934773,
    "stdev": 0.12994302997502744,
    "min": 6.5463477283187865,
    "max": 6.797554045753759
  },
  "avg_step_time_ms": {
    "median": 1.511882696999237,
    "mean": 1.503523139981553,
    "stdev": 0.029139609293956516,
    "min": 1.4711173949763179,
    "max": 1.527569327969104
  },
  "expected_steps": 1000,
  "mem_spawn_rss_mb": {
    "median": 1.86328125,
    "mean": 1.8828125,
    "stdev": 0.03382911733532964,
    "min": 1.86328125,
    "max": 1.921875
  },
  "mem_total_rss_mb": {
    "median": -24.15234375,
    "mean": -24.2109375,
    "stdev": 0.15872070042117223,
    "min": -24.390625,
    "max": -24.08984375
  }
}
