{
  "test": "simulation_benchmark",
  "num_agents": 1000,
  "duration_s": 5.0,
  "num_reps": 3,
  "gui": false,
  "spawn_time_s": {
    "median": 0.22791200503706932,
    "mean": 0.22588493003665158,
    "stdev": 0.003994108593102291,
    "min": 0.22128375701140612,
    "max": 0.22845902806147933
  },
  "spawn_cpu_s": {
    "median": 0.22999999999999998,
    "mean": 0.23000000000000007,
    "stdev": 0.009999999999999898,
    "min": 0.2200000000000002,
    "max": 0.24
  },
  "spawn_cpu_percent": {
    "median": 103.9389438729317,
    "mean": 101.83969526857857,
    "stdev": 4.633170556024268,
    "min": 96.52848254492682,
    "max": 105.05165938787717
  },
  "simulation_wall_s": {
    "median": 10.200492955977097,
    "mean": 11.266143752999293,
    "stdev": 1.885708700859971,
    "min": 10.154527425998822,
    "max": 13.443410877021961
  },
  "simulation_cpu_s": {
    "median": 10.19,
    "mean": 11.23,
    "stdev": 1.8360827868045602,
    "min": 10.15,
    "max": 13.35
  },
  "simulation_cpu_percent": {
    "median": 99.89713285404555,
    "mean": 99.71923416477564,
    "stdev": 0.35978521346088305,
    "min": 99.30515493518372,
    "max": 99.95541470509765
  },
  "real_time_factor": {
    "median": 0.4901723888814797,
    "mean": 0.4514976711860694,
    "stdev": 0.06891705758298801,
    "min": 0.37192941923289785,
    "max": 0.49239120544383075
  },
  "avg_step_time_ms": {
    "median": 20.400985911954194,
    "mean": 22.532287505998585,
    "stdev": 3.771417401719942,
    "min": 20.309054851997644,
    "max": 26.886821754043922
  },
  "expected_steps": 500,
  "mem_spawn_rss_mb": {
    "median": 17.13671875,
    "mean": 17.174479166666668,
    "stdev": 0.07932028338811475,
    "min": 17.12109375,
    "max": 17.265625
  },
  "mem_total_rss_mb": {
    "median": -5.859375,
    "mean": -5.852864583333333,
    "stdev": 0.09976881642963814,
    "min": -5.94921875,
    "max": -5.75
  }
}
