{
  "agent_counts": [
    100,
    250,
    500,
    1000,
    2000
  ],
  "duration": 10.0,
  "repetitions": 3,
  "results": [
    {
      "test": "simulation_benchmark",
      "num_agents": 100,
      "duration_s": 10.0,
      "num_reps": 3,
      "gui": false,
      "spawn_time_s": {
        "median": 0.025783246965147555,
        "mean": 0.02743097231723368,
        "stdev": 0.0033419003141326397,
        "min": 0.025232907035388052,
        "max": 0.03127676295116544
      },
      "spawn_cpu_s": {
        "median": 0.030000000000000027,
        "mean": 0.030000000000000027,
        "stdev": 0.010000000000000009,
        "min": 0.020000000000000018,
        "max": 0.040000000000000036
      },
      "spawn_cpu_percent": {
        "median": 118.89236526701555,
        "mean": 108.11752906487308,
        "stdev": 26.83498885294393,
        "min": 77.56974917486139,
        "max": 127.8904727527423
      },
      "simulation_wall_s": {
        "median": 1.511882696999237,
        "mean": 1.503523139981553,
        "stdev": 0.029139609293956516,
        "min": 1.4711173949763179,
        "max": 1.527569327969104
      },
      "simulation_cpu_s": {
        "median": 1.5099999999999998,
        "mean": 1.5,
        "stdev": 0.026457513110645887,
        "min": 1.47,
        "max": 1.52
      },
      "simulation_cpu_percent": {
        "median": 99.87547334174974,
        "mean": 99.76800109492518,
        "stdev": 0.2294997863750707,
        "min": 99.50448547044556,
        "max": 99.92404447258025
      },
      "real_time_factor": {
        "median": 6.614269757731772,
        "mean": 6.652723843934773,
        "stdev": 0.12994302997502744,
        "min": 6.5463477283187865,
        "max": 6.797554045753759
      },
      "avg_step_time_ms": {
        "median": 1.511882696999237,
        "mean": 1.503523139981553,
        "stdev": 0.029139609293956516,
        "min": 1.4711173949763179,
        "max": 1.527569327969104
      },
      "expected_steps": 1000,
      "mem_spawn_rss_mb": {
        "median": 1.86328125,
        "mean": 1.8828125,
        "stdev": 0.03382911733532964,
        "min": 1.86328125,
        "max": 1.921875
      },
      "mem_total_rss_mb": {
        "median": -24.15234375,
        "mean": -24.2109375,
        "stdev": 0.15872070042117223,
        "min": -24.390625,
        "max": -24.08984375
      }
    },
    {
      "test": "simulation_benchmark",
      "num_agents": 250,
      "duration_s": 10.0,
      "num_reps": 3,
      "gui": false,
      "spawn_time_s": {
        "median": 0.06172217091079801,
        "mean": 0.06051236728671938,
        "stdev": 0.006133852191536139,
        "min": 0.05386375600937754,
        "max": 0.06595117493998259
      },
      "spawn_cpu_s": {
        "median": 0.06000000000000005,
        "mean": 0.0633333333333334,
        "stdev": 0.005773502691896262,
        "min": 0.06000000000000005,
        "max": 0.07000000000000006
      },
      "spawn_cpu_percent": {
        "median": 111.39215763110579,
        "mean": 105.2599952978061,
        "stdev": 12.41109765261432,
        "min": 90.97639284607398,
        "max": 113.41143541623855
      },
      "simulation_wall_s": {
        "median": 4.2671095040859655,
        "mean": 4.385282106697559,
        "stdev": 0.4461520853749774,
        "min": 4.010112595977262,
        "max": 4.878624220029451
      },
      "simulation_cpu_s": {
        "median": 4.26,
        "mean": 4.366666666666666,
        "stdev": 0.4300387579432036,
        "min": 4.0,
        "max": 4.84
      },
      "simulation_cpu_percent": {
        "median": 99.7478226425012,
        "mean": 99.59650260528583,
        "stdev": 0.33890726209143485,
        "min": 99.20829688273844,
        "max": 99.83338829061785
      },
      "real_time_factor": {
        "median": 2.3435067673853958,
        "mean": 2.2956535111681684,
        "stdev": 0.22580422235206146,
        "min": 2.049758200056579,
        "max": 2.4936955660625304
      },
      "avg_step_time_ms": {
        "median": 4.2671095040859655,
        "mean": 4.385282106697559,
        "stdev": 0.4461520853749774,
        "min": 4.010112595977262,
        "max": 4.878624220029451
      },
      "expected_steps": 1000,
      "mem_spawn_rss_mb": {
        "median": 4.296875,
        "mean": 4.259114583333333,
        "stdev": 0.06540296018163728,
        "min": 4.18359375,
        "max": 4.296875
      },
      "mem_total_rss_mb": {
        "median": -20.8046875,
        "mean": -20.916666666666668,
        "stdev": 0.23216185998516387,
        "min": -21.18359375,
        "max": -20.76171875
      }
    },
    {
      "test": "simulation_benchmark",
      "num_agents": 500,
      "duration_s": 10.0,
      "num_reps": 3,
      "gui": false,
      "spawn_time_s": {
        "median": 0.14316968200728297,
        "mean": 0.13577749502534667,
        "stdev": 0.013215318091265596,
        "min": 0.12052020302508026,
        "max": 0.1436426000436768
      },
      "spawn_cpu_s": {
        "median": 0.1399999999999999,
        "mean": 0.1333333333333333,
        "stdev": 0.011547005383792589,
        "min": 0.11999999999999988,
        "max": 0.14000000000000012
      },
      "spawn_cpu_percent": {
        "median": 97.78606618185977,
        "mean": 98.27285250817049,
        "stdev": 1.1334387402965318,
        "min": 97.46412273060425,
        "max": 99.56836861204745
      },
      "simulation_wall_s": {
        "median": 10.79992072400637,
        "mean": 10.78344090868874,
        "stdev": 0.05446419490944096,
        "min": 10.722639986081049,
        "max": 10.827762015978806
      },
      "simulation_cpu_s": {
        "median": 10.8,
        "mean": 10.783333333333333,
        "stdev": 0.04725815626252608,
        "min": 10.73,
        "max": 10.82
      },
      "simulation_cpu_percent": {
        "median": 100.0007340423662,
        "mean": 99.99922924670209,
        "stdev": 0.07017519513785406,
        "min": 99.92831375525847,
        "max": 100.06863994248157
      },
      "real_time_factor": {
        "median": 0.9259327226145019,
        "mean": 0.9273635853974966,
        "stdev": 0.004693662252936145,
        "min": 0.9235518831354756,
        "max": 0.9326061504425123
      },
      "avg_step_time_ms": {
        "median": 10.79992072400637,
        "mean": 10.78344090868874,
        "stdev": 0.05446419490944096,
        "min": 10.722639986081049,
        "max": 10.827762015978806
      },
      "expected_steps": 1000,
      "mem_spawn_rss_mb": {
        "median": 8.5078125,
        "mean": 8.584635416666666,
        "stdev": 0.13306119485229656,
        "min": 8.5078125,
        "max": 8.73828125
      },
      "mem_total_rss_mb": {
        "median": -16.00390625,
        "mean": -15.985677083333334,
        "stdev": 0.17259850090027096,
        "min": -16.1484375,
        "max": -15.8046875
      }
    },
    {
      "test": "simulation_benchmark",
      "num_agents": 1000,
      "duration_s": 10.0,
      "num_reps": 3,
      "gui": false,
      "spawn_time_s": {
        "median": 0.270853188005276,
        "mean": 0.2769474593612055,
        "stdev": 0.012788609383993739,
        "min": 0.26834584306925535,
        "max": 0.2916433470090851
      },
      "spawn_cpu_s": {
        "median": 0.28,
        "mean": 0.28,
        "stdev": 0.010000000000000009,
        "min": 0.27,
        "max": 0.29000000000000004
      },
      "spawn_cpu_percent": {
        "median": 99.68499982903676,
        "mean": 101.15482770701755,
        "stdev": 2.7637987727106674,
        "min": 99.43652168789782,
        "max": 104.34296160411807
      },
      "simulation_wall_s": {
        "median": 22.266768718021922,
        "mean": 22.739006578340195,
        "stdev": 1.117295565657282,
        "min": 21.93536931904964,
        "max": 24.014881697949022
      },
      "simulation_cpu_s": {
        "median": 22.27,
        "mean": 22.729999999999997,
        "stdev": 1.1043550153822825,