{
  "num_agents": 1000,
  "benchmark_type": "mobile",
  "duration_s": 10.0,
  "scenario": null,
  "num_reps": 3,
  "gui": false,
  "spawn_time_s": {
    "median": 0.28373947693035007,
    "mean": 0.2845416106671716,
    "stdev": 0.0035014984078449198,
    "min": 0.28151077905204147,
    "max": 0.2883745760191232
  },
  "spawn_cpu_s": {
    "median": 0.2899999999999998,
    "mean": 0.28333333333333327,
    "stdev": 0.011547005383792462,
    "min": 0.27,
    "max": 0.29000000000000004
  },
  "spawn_cpu_percent": {
    "median": 100.56365023689496,
    "mean": 99.5603845602837,
    "stdev": 3.2653954627655177,
    "min": 95.91106987419707,
    "max": 102.20643356975904
  },
  "simulation_wall_s": {
    "median": 2.9992991409962997,
    "mean": 3.0125496189575642,
    "stdev": 0.037978238776794314,
    "min": 2.9829717469401658,
    "max": 3.0553779689362273
  },
  "simulation_cpu_s": {
    "median": 3.01,
    "mean": 3.0100000000000002,
    "stdev": 0.04000000000000048,
    "min": 2.9699999999999998,
    "max": 3.0500000000000007
  },
  "simulation_cpu_percent": {
    "median": 99.82398351395788,
    "mean": 99.91530076621262,
    "stdev": 0.4036421876554888,
    "min": 99.56514013404679,
    "max": 100.35677865063322
  },
  "real_time_factor": {
    "median": 3.334112247529343,
    "mean": 3.3197971201550778,
    "stdev": 0.0416117115566473,
    "min": 3.2729174922609134,
    "max": 3.3523616206749765
  },
  "avg_step_time_ms": {
    "median": 29.992991409962997,
    "mean": 30.125496189575642,
    "stdev": 0.37978238776794315,
    "min": 29.829717469401658,
    "max": 30.553779689362273
  },
  "system_info": {
    "platform": "Linux",
    "platform_release": "5.15.0-139-generic",
    "platform_version": "#149~20.04.1-Ubuntu SMP Wed Apr 16 08:29:56 UTC 2025",
    "architecture": "x86_64",
    "processor": "x86_64",
    "python_version": "3.8.10",
    "cpu_count": 4,
    "cpu_count_logical": 8,
    "total_memory_gb": 31.06,
    "cpu_model": "11th Gen Intel(R) Core(TM) i7-1185G7 @ 3.00GHz",
    "cpu_max_mhz": 4800.0
  },
  "mem_spawn_rss_mb": {
    "median": 20.46875,
    "mean": 20.47265625,
    "stdev": 0.0450490726354328,
    "min": 20.4296875,
    "max": 20.51953125
  },
  "mem_total_rss_mb": {
    "median": -3.16796875,
    "mean": -3.1653645833333335,
    "stdev": 0.01578692142315383,
    "min": -3.1796875,
    "max": -3.1484375
  },
  "expected_steps": 100
}
