{
  "test": "simulation_benchmark",
  "num_agents": 100,
  "duration_s": 0.1,
  "num_reps": 1,
  "gui": false,
  "spawn_time_s": {
    "median": 0.03207989002112299,
    "mean": 0.03207989002112299,
    "stdev": 0.0,
    "min": 0.03207989002112299,
    "max": 0.03207989002112299
  },
  "spawn_cpu_s": {
    "median": 0.030000000000000027,
    "mean": 0.030000000000000027,
    "stdev": 0.0,
    "min": 0.030000000000000027,
    "max": 0.030000000000000027
  },
  "spawn_cpu_percent": {
    "median": 93.51653007615218,
    "mean": 93.51653007615218,
    "stdev": 0.0,
    "min": 93.51653007615218,
    "max": 93.51653007615218
  },
  "simulation_wall_s": {
    "median": 0.02918823901563883,
    "mean": 0.02918823901563883,
    "stdev": 0.0,
    "min": 0.02918823901563883,
    "max": 0.02918823901563883
  },
  "simulation_cpu_s": {
    "median": 0.029999999999999805,
    "mean": 0.029999999999999805,
    "stdev": 0.0,
    "min": 0.029999999999999805,
    "max": 0.029999999999999805
  },
  "simulation_cpu_percent": {
    "median": 102.78112353378373,
    "mean": 102.78112353378373,
    "stdev": 0.0,
    "min": 102.78112353378373,
    "max": 102.78112353378373
  },
  "real_time_factor": {
    "median": 3.4260374511261467,
    "mean": 3.4260374511261467,
    "stdev": 0.0,
    "min": 3.4260374511261467,
    "max": 3.4260374511261467
  },
  "avg_step_time_ms": {
    "median": 2.918823901563883,
    "mean": 2.918823901563883,
    "stdev": 0.0,
    "min": 2.918823901563883,
    "max": 2.918823901563883
  },
  "expected_steps": 10,
  "mem_spawn_rss_mb": {
    "median": 1.8046875,
    "mean": 1.8046875,
    "stdev": 0.0,
    "min": 1.8046875,
    "max": 1.8046875
  },
  "mem_total_rss_mb": {
    "median": -24.60546875,
    "mean": -24.60546875,
    "stdev": 0.0,
    "min": -24.60546875,
    "max": -24.60546875
  }
}
