{
  "test": "simulation_benchmark",
  "num_agents": 1000,
  "duration_s": 1.0,
  "num_reps": 1,
  "gui": false,
  "spawn_time_s": {
    "median": 0.22122707299422473,
    "mean": 0.22122707299422473,
    "stdev": 0.0,
    "min": 0.22122707299422473,
    "max": 0.22122707299422473
  },
  "spawn_cpu_s": {
    "median": 0.21999999999999997,
    "mean": 0.21999999999999997,
    "stdev": 0.0,
    "min": 0.21999999999999997,
    "max": 0.21999999999999997
  },
  "spawn_cpu_percent": {
    "median": 99.44533325979647,
    "mean": 99.44533325979647,
    "stdev": 0.0,
    "min": 99.44533325979647,
    "max": 99.44533325979647
  },
  "simulation_wall_s": {
    "median": 2.721270640962757,
    "mean": 2.721270640962757,
    "stdev": 0.0,
    "min": 2.721270640962757,
    "max": 2.721270640962757
  },
  "simulation_cpu_s": {
    "median": 2.7200000000000006,
    "mean": 2.7200000000000006,
    "stdev": 0.0,
    "min": 2.7200000000000006,
    "max": 2.7200000000000006
  },
  "simulation_cpu_percent": {
    "median": 99.95330707120307,
    "mean": 99.95330707120307,
    "stdev": 0.0,
    "min": 99.95330707120307,
    "max": 99.95330707120307
  },
  "real_time_factor": {
    "median": 0.36747539364412884,
    "mean": 0.36747539364412884,
    "stdev": 0.0,
    "min": 0.36747539364412884,
    "max": 0.36747539364412884
  },
  "avg_step_time_ms": {
    "median": 27.21270640962757,
    "mean": 27.21270640962757,
    "stdev": 0.0,
    "min": 27.21270640962757,
    "max": 27.21270640962757
  },
  "expected_steps": 100,
  "mem_spawn_rss_mb": {
    "median": 17.2734375,
    "mean": 17.2734375,
    "stdev": 0.0,
    "min": 17.2734375,
    "max": 17.2734375
  },
  "mem_total_rss_mb": {
    "median": -6.203125,
    "mean": -6.203125,
    "stdev": 0.0,
    "min": -6.203125,
    "max": -6.203125
  }
}
