{
  "test": "simulation_benchmark",
  "num_agents": 10,
  "duration_s": 5.0,
  "num_reps": 1,
  "gui": false,
  "spawn_time_s": {
    "median": 0.005900361924432218,
    "mean": 0.005900361924432218,
    "stdev": 0.0,
    "min": 0.005900361924432218,
    "max": 0.005900361924432218
  },
  "spawn_cpu_s": {
    "median": 0.0,
    "mean": 0.0,
    "stdev": 0.0,
    "min": 0.0,
    "max": 0.0
  },
  "spawn_cpu_percent": {
    "median": 0.0,
    "mean": 0.0,
    "stdev": 0.0,
    "min": 0.0,
    "max": 0.0
  },
  "simulation_wall_s": {
    "median": 5.004184955032542,
    "mean": 5.004184955032542,
    "stdev": 0.0,
    "min": 5.004184955032542,
    "max": 5.004184955032542
  },
  "simulation_cpu_s": {
    "median": 0.5999999999999999,
    "mean": 0.5999999999999999,
    "stdev": 0.0,
    "min": 0.5999999999999999,
    "max": 0.5999999999999999
  },
  "simulation_cpu_percent": {
    "median": 11.989964507538833,
    "mean": 11.989964507538833,
    "stdev": 0.0,
    "min": 11.989964507538833,
    "max": 11.989964507538833
  },
  "real_time_factor": {
    "median": 0.9991637089615695,
    "mean": 0.9991637089615695,
    "stdev": 0.0,
    "min": 0.9991637089615695,
    "max": 0.9991637089615695
  },
  "avg_step_time_ms": {
    "median": 10.008369910065085,
    "mean": 10.008369910065085,
    "stdev": 0.0,
    "min": 10.008369910065085,
    "max": 10.008369910065085
  },
  "expected_steps": 500,
  "mem_spawn_rss_mb": {
    "median": 0.0,
    "mean": 0.0,
    "stdev": 0.0,
    "min": 0.0,
    "max": 0.0
  },
  "mem_total_rss_mb": {
    "median": -26.9296875,
    "mean": -26.9296875,
    "stdev": 0.0,
    "min": -26.9296875,
    "max": -26.9296875
  }
}
