{
  "test": "simulation_benchmark",
  "num_agents": 1000,
  "duration_s": 0.1,
  "num_reps": 1,
  "gui": false,
  "spawn_time_s": {
    "median": 0.21653429605066776,
    "mean": 0.21653429605066776,
    "stdev": 0.0,
    "min": 0.21653429605066776,
    "max": 0.21653429605066776
  },
  "spawn_cpu_s": {
    "median": 0.2100000000000002,
    "mean": 0.2100000000000002,
    "stdev": 0.0,
    "min": 0.2100000000000002,
    "max": 0.2100000000000002
  },
  "spawn_cpu_percent": {
    "median": 96.9823274327229,
    "mean": 96.9823274327229,
    "stdev": 0.0,
    "min": 96.9823274327229,
    "max": 96.9823274327229
  },
  "simulation_wall_s": {
    "median": 0.3014903429429978,
    "mean": 0.3014903429429978,
    "stdev": 0.0,
    "min": 0.3014903429429978,
    "max": 0.3014903429429978
  },
  "simulation_cpu_s": {
    "median": 0.29000000000000004,
    "mean": 0.29000000000000004,
    "stdev": 0.0,
    "min": 0.29000000000000004,
    "max": 0.29000000000000004
  },
  "simulation_cpu_percent": {
    "median": 96.18881890848151,
    "mean": 96.18881890848151,
    "stdev": 0.0,
    "min": 96.18881890848151,
    "max": 96.18881890848151
  },
  "real_time_factor": {
    "median": 0.3316855824430397,
    "mean": 0.3316855824430397,
    "stdev": 0.0,
    "min": 0.3316855824430397,
    "max": 0.3316855824430397
  },
  "avg_step_time_ms": {
    "median": 30.14903429429978,
    "mean": 30.14903429429978,
    "stdev": 0.0,
    "min": 30.14903429429978,
    "max": 30.14903429429978
  },
  "expected_steps": 10,
  "mem_spawn_rss_mb": {
    "median": 17.2734375,
    "mean": 17.2734375,
    "stdev": 0.0,
    "min": 17.2734375,
    "max": 17.2734375
  },
  "mem_total_rss_mb": {
    "median": -6.2890625,
    "mean": -6.2890625,
    "stdev": 0.0,
    "min": -6.2890625,
    "max": -6.2890625
  }
}
