{
  "test": "simulation_benchmark",
  "num_agents": 2000,
  "duration_s": 10.0,
  "num_reps": 3,
  "gui": false,
  "spawn_time_s": {
    "median": 0.5193708180449903,
    "mean": 0.5276486513127262,
    "stdev": 0.014434616819389503,
    "min": 0.5192589499056339,
    "max": 0.5443161859875545
  },
  "spawn_cpu_s": {
    "median": 0.52,
    "mean": 0.5233333333333333,
    "stdev": 0.01527525231651948,
    "min": 0.51,
    "max": 0.54
  },
  "spawn_cpu_percent": {
    "median": 99.20704434322055,
    "mean": 99.18169302040322,
    "stdev": 0.9523788429804025,
    "min": 98.21689160922185,
    "max": 100.12114310876727
  },
  "simulation_wall_s": {
    "median": 41.955946187954396,
    "mean": 41.93922239200523,
    "stdev": 0.382961257048566,
    "min": 41.54817320604343,
    "max": 42.31354778201785
  },
  "simulation_cpu_s": {
    "median": 41.94,
    "mean": 41.90333333333333,
    "stdev": 0.3962743157628763,
    "min": 41.489999999999995,
    "max": 42.28
  },
  "simulation_cpu_percent": {
    "median": 99.92071621554716,
    "mean": 99.91423178795215,
    "stdev": 0.05131166893315867,
    "min": 99.85998612801832,
    "max": 99.96199302029095
  },
  "real_time_factor": {
    "median": 0.23834523848424166,
    "mean": 0.23845354500051943,
    "stdev": 0.00217879048006596,
    "min": 0.23633092766212666,
    "max": 0.24068446885519001
  },
  "avg_step_time_ms": {
    "median": 41.955946187954396,
    "mean": 41.93922239200523,
    "stdev": 0.382961257048566,
    "min": 41.54817320604343,
    "max": 42.31354778201785
  },
  "expected_steps": 1000,
  "mem_spawn_rss_mb": {
    "median": 34.5234375,
    "mean": 34.537760416666664,
    "stdev": 0.0965036143942072,
    "min": 34.44921875,
    "max": 34.640625
  },
  "mem_total_rss_mb": {
    "median": 14.1484375,
    "mean": 14.313802083333334,
    "stdev": 0.3000532314969643,
    "min": 14.1328125,
    "max": 14.66015625
  }
}
